{
  "marketing_stripe": {
    "text": "Siga-nos no INSTAGRAM: @pythonbox",
    "link": "",
    "background": "#000000",
    "color": "#0057f0"
  },
  "contacts_stripe": {
    "pages": [
      {
        "title": "Sobre nós",
        "link": "/pages/sobre-nos"
      }
    ],
    "phone_wpp": false,
    "socials": true
  },
  "categories_list": {
    "featured": [],
    "random": 6,
    "full_width": false
  },
  "desktop_megamenu": false,
  "search_input": true,
  "alphabetical_order_submenu": true,
  "full_width_submenu": false
}