{
  "meta_title": "Python Box",
  "meta_description": "",
  "sections": [
    {
      "type": "banner-slider",
      "autoplay": 9000,
      "full_width": false,
      "slides": [
        {
          "start": "",
          "end": "",
          "img": "/img/uploads/img_9518.jpg",
          "mobile_img": "/img/uploads/img_9518.jpg"
        },
        {
          "start": "",
          "end": "",
          "img": "/img/uploads/img_1939.jpg",
          "mobile_img": "/img/uploads/img_1939.jpg"
        },
        {
          "start": "",
          "end": "",
          "img": "/img/uploads/img_9076.jpg",
          "mobile_img": "/img/uploads/img_9076.jpg"
        },
        {
          "start": "",
          "end": "",
          "img": "/img/uploads/img_9469.jpg",
          "mobile_img": "/img/uploads/img_9087.jpg"
        },
        {
          "start": "",
          "end": "",
          "img": "/img/uploads/img_9264.jpg",
          "mobile_img": "/img/uploads/img_9239.jpg"
        }
      ]
    },
    {
      "type": "collection-shelf",
      "shuffle": false,
      "limit": 12,
      "page": 1
    },
    {
      "type": "info-bar",
      "enabled": true
    },
    {
      "type": "page-title",
      "title": "Python Box Acessórios",
      "description": "A FORÇA DA SERPENTE"
    }
  ]
}